<?xml version="1.0" encoding="UTF-8"?>
<project-private xmlns="http://www.netbeans.org/ns/project-private/1">
    <editor-bookmarks xmlns="http://www.netbeans.org/ns/editor-bookmarks/1"/>
    <editor-bookmarks xmlns="http://www.netbeans.org/ns/editor-bookmarks/2" lastBookmarkId="0"/>
    <open-files xmlns="http://www.netbeans.org/ns/projectui-open-files/2">
        <group>
            <file>file:/D:/Uninorte/Sistema/Estructura%20de%20Datos%20II/Lode%20Runner/src/Ventanas/nivel3.java</file>
            <file>file:/D:/Uninorte/Sistema/Estructura%20de%20Datos%20II/Lode%20Runner/src/Ventanas/mapa1.java</file>
            <file>file:/D:/Uninorte/Sistema/Estructura%20de%20Datos%20II/Lode%20Runner/src/Ventanas/escenarios.java</file>
            <file>file:/D:/Uninorte/Sistema/Estructura%20de%20Datos%20II/Lode%20Runner/src/Ventanas/nivel1.java</file>
            <file>file:/D:/Uninorte/Sistema/Estructura%20de%20Datos%20II/Lode%20Runner/src/Ventanas/mapa2.java</file>
            <file>file:/D:/Uninorte/Sistema/Estructura%20de%20Datos%20II/Lode%20Runner/src/Ventanas/mapa3.java</file>
            <file>file:/D:/Uninorte/Sistema/Estructura%20de%20Datos%20II/Lode%20Runner/src/Ventanas/nivel2.java</file>
            <file>file:/D:/Uninorte/Sistema/Estructura%20de%20Datos%20II/Lode%20Runner/src/Ventanas/fondo.java</file>
            <file>file:/D:/Uninorte/Sistema/Estructura%20de%20Datos%20II/Lode%20Runner/src/Ventanas/ganar.java</file>
        </group>
    </open-files>
</project-private>
