<?xml version="1.0" encoding="UTF-8"?>
<project-private xmlns="http://www.netbeans.org/ns/project-private/1">
    <editor-bookmarks xmlns="http://www.netbeans.org/ns/editor-bookmarks/1"/>
    <editor-bookmarks xmlns="http://www.netbeans.org/ns/editor-bookmarks/2" lastBookmarkId="0"/>
    <open-files xmlns="http://www.netbeans.org/ns/projectui-open-files/2">
        <group>
            <file>file:/C:/Users/carlos/Google%20Drive/Complejidad/Calculadora/CalculadoraUninorte/src/CalculadoraUninorte/Arithmetic.java</file>
            <file>file:/C:/Users/carlos/Google%20Drive/Complejidad/Calculadora/CalculadoraUninorte/src/CalculadoraUninorte/Vector.java</file>
            <file>file:/C:/Users/carlos/Google%20Drive/Complejidad/Calculadora/CalculadoraUninorte/src/CalculadoraUninorte/ventana.java</file>
            <file>file:/C:/Users/carlos/Google%20Drive/Complejidad/Calculadora/CalculadoraUninorte/src/CalculadoraUninorte/Trigonometry.java</file>
            <file>file:/C:/Users/carlos/Google%20Drive/Complejidad/Calculadora/CalculadoraUninorte/src/CalculadoraUninorte/Discrete.java</file>
            <file>file:/C:/Users/carlos/Google%20Drive/Complejidad/Calculadora/CalculadoraUninorte/src/CalculadoraUninorte/Powers.java</file>
        </group>
    </open-files>
</project-private>
